CODI_TRAMITE;NOMB_TRAMITE;TIPO_TRAMITE;FACU_TRAMITE;ESCU_TRAMITE;MONT_TRAMITE;ESTA_TRAMITE
1;DERECHO DE MATRICULA ;PREGRADO;BROMATOLOGIA Y NUTRICION;BROMATOLOGIA Y NUTRICION;60,00;1
2;RESERVA DE MATRICULA;PREGRADO;BROMATOLOGIA Y NUTRICION;BROMATOLOGIA Y NUTRICION;50,00;1
3;REACTUALIZACION DE MATRICULA;PREGRADO;BROMATOLOGIA Y NUTRICION;BROMATOLOGIA Y NUTRICION;80,00;1
4;CONSTANCIAS;PREGRADO;BROMATOLOGIA Y NUTRICION;BROMATOLOGIA Y NUTRICION;30,00;1
5;CERTIFICADO DE ESTUDIOS;PREGRADO;BROMATOLOGIA Y NUTRICION;BROMATOLOGIA Y NUTRICION;0,00;1
6;RECORD ACADEMICO;PREGRADO;BROMATOLOGIA Y NUTRICION;BROMATOLOGIA Y NUTRICION;15,00;1
7;REVISION DE PLAN Y/O BORRADOR DE TESIS;PREGRADO;BROMATOLOGIA Y NUTRICION;BROMATOLOGIA Y NUTRICION;30,00;1
8;TESIS ASISTIDA;PREGRADO;BROMATOLOGIA Y NUTRICION;BROMATOLOGIA Y NUTRICION;0,00;1
9;INSCRIPCION TESIS ASISTIDA;PREGRADO;BROMATOLOGIA Y NUTRICION;BROMATOLOGIA Y NUTRICION;100,00;1
10;DERECHO DE SUSTENTACION DE TESIS;PREGRADO;BROMATOLOGIA Y NUTRICION;BROMATOLOGIA Y NUTRICION;50,00;1
11;CURSO A CARGO;PREGRADO;BROMATOLOGIA Y NUTRICION;BROMATOLOGIA Y NUTRICION;20,00;1
12;ESTUDIOS DIRIGIDOS;PREGRADO;BROMATOLOGIA Y NUTRICION;BROMATOLOGIA Y NUTRICION;30,00;1
13;XXX;PREGRADO;BROMATOLOGIA Y NUTRICION;BROMATOLOGIA Y NUTRICION;0,00;1
14;CICLO DE NIVELACION;PREGRADO;BROMATOLOGIA Y NUTRICION;BROMATOLOGIA Y NUTRICION;90,00;1
15;OTROS;PREGRADO;BROMATOLOGIA Y NUTRICION;BROMATOLOGIA Y NUTRICION;0,00;1
16;DERECHO DE MATRICULA ;PREGRADO;CIENCIAS;BIOLOGIA CON MECION EN TECNOLOGIA;60,00;1
17;RESERVA DE MATRICULA;PREGRADO;CIENCIAS;BIOLOGIA CON MECION EN TECNOLOGIA;50,00;1
18;REACTUALIZACION DE MATRICULA;PREGRADO;CIENCIAS;BIOLOGIA CON MECION EN TECNOLOGIA;80,00;1
19;CONSTANCIAS;PREGRADO;CIENCIAS;BIOLOGIA CON MECION EN TECNOLOGIA;30,00;1
20;CERTIFICADO DE ESTUDIOS;PREGRADO;CIENCIAS;BIOLOGIA CON MECION EN TECNOLOGIA;0,00;1
21;RECORD ACADEMICO;PREGRADO;CIENCIAS;BIOLOGIA CON MECION EN TECNOLOGIA;15,00;1
22;REVISION DE PLAN Y/O BORRADOR DE TESIS;PREGRADO;CIENCIAS;BIOLOGIA CON MECION EN TECNOLOGIA;30,00;1
23;TESIS ASISTIDA;PREGRADO;CIENCIAS;BIOLOGIA CON MECION EN TECNOLOGIA;0,00;1
24;INSCRIPCION TESIS ASISTIDA;PREGRADO;CIENCIAS;BIOLOGIA CON MECION EN TECNOLOGIA;100,00;1
25;DERECHO DE SUSTENTACION DE TESIS;PREGRADO;CIENCIAS;BIOLOGIA CON MECION EN TECNOLOGIA;50,00;1
26;CURSO A CARGO;PREGRADO;CIENCIAS;BIOLOGIA CON MECION EN TECNOLOGIA;20,00;1
27;ESTUDIOS DIRIGIDOS;PREGRADO;CIENCIAS;BIOLOGIA CON MECION EN TECNOLOGIA;30,00;1
28;XXX;PREGRADO;CIENCIAS;BIOLOGIA CON MECION EN TECNOLOGIA;0,00;1
29;CICLO DE NIVELACION;PREGRADO;CIENCIAS;BIOLOGIA CON MECION EN TECNOLOGIA;90,00;1
30;OTROS;PREGRADO;CIENCIAS;BIOLOGIA CON MECION EN TECNOLOGIA;0,00;1
31;DERECHO DE MATRICULA ;PREGRADO;CIENCIAS;ESTADISTICA E INFORMATICA;60,00;1
32;RESERVA DE MATRICULA;PREGRADO;CIENCIAS;ESTADISTICA E INFORMATICA;50,00;1
33;REACTUALIZACION DE MATRICULA;PREGRADO;CIENCIAS;ESTADISTICA E INFORMATICA;80,00;1
34;CONSTANCIAS;PREGRADO;CIENCIAS;ESTADISTICA E INFORMATICA;30,00;1
35;CERTIFICADO DE ESTUDIOS;PREGRADO;CIENCIAS;ESTADISTICA E INFORMATICA;0,00;1
36;RECORD ACADEMICO;PREGRADO;CIENCIAS;ESTADISTICA E INFORMATICA;15,00;1
37;REVISION DE PLAN Y/O BORRADOR DE TESIS;PREGRADO;CIENCIAS;ESTADISTICA E INFORMATICA;30,00;1
38;TESIS ASISTIDA;PREGRADO;CIENCIAS;ESTADISTICA E INFORMATICA;0,00;1
39;INSCRIPCION TESIS ASISTIDA;PREGRADO;CIENCIAS;ESTADISTICA E INFORMATICA;100,00;1
40;DERECHO DE SUSTENTACION DE TESIS;PREGRADO;CIENCIAS;ESTADISTICA E INFORMATICA;50,00;1
41;CURSO A CARGO;PREGRADO;CIENCIAS;ESTADISTICA E INFORMATICA;20,00;1
42;ESTUDIOS DIRIGIDOS;PREGRADO;CIENCIAS;ESTADISTICA E INFORMATICA;30,00;1
43;XXX;PREGRADO;CIENCIAS;ESTADISTICA E INFORMATICA;0,00;1
44;CICLO DE NIVELACION;PREGRADO;CIENCIAS;ESTADISTICA E INFORMATICA;90,00;1
45;OTROS;PREGRADO;CIENCIAS;ESTADISTICA E INFORMATICA;0,00;1
46;DERECHO DE MATRICULA ;PREGRADO;CIENCIAS;FISICA;60,00;1
47;RESERVA DE MATRICULA;PREGRADO;CIENCIAS;FISICA;50,00;1
48;REACTUALIZACION DE MATRICULA;PREGRADO;CIENCIAS;FISICA;80,00;1
49;CONSTANCIAS;PREGRADO;CIENCIAS;FISICA;30,00;1
50;CERTIFICADO DE ESTUDIOS;PREGRADO;CIENCIAS;FISICA;0,00;1
51;RECORD ACADEMICO;PREGRADO;CIENCIAS;FISICA;15,00;1
52;REVISION DE PLAN Y/O BORRADOR DE TESIS;PREGRADO;CIENCIAS;FISICA;30,00;1
53;TESIS ASISTIDA;PREGRADO;CIENCIAS;FISICA;0,00;1
54;INSCRIPCION TESIS ASISTIDA;PREGRADO;CIENCIAS;FISICA;100,00;1
55;DERECHO DE SUSTENTACION DE TESIS;PREGRADO;CIENCIAS;FISICA;50,00;1
56;CURSO A CARGO;PREGRADO;CIENCIAS;FISICA;20,00;1
57;ESTUDIOS DIRIGIDOS;PREGRADO;CIENCIAS;FISICA;30,00;1
58;XXX;PREGRADO;CIENCIAS;FISICA;0,00;1
59;CICLO DE NIVELACION;PREGRADO;CIENCIAS;FISICA;90,00;1
60;OTROS;PREGRADO;CIENCIAS;FISICA;0,00;1
61;DERECHO DE MATRICULA ;PREGRADO;CIENCIAS;MATEMATICA APLICADA;60,00;1
62;RESERVA DE MATRICULA;PREGRADO;CIENCIAS;MATEMATICA APLICADA;50,00;1
63;REACTUALIZACION DE MATRICULA;PREGRADO;CIENCIAS;MATEMATICA APLICADA;80,00;1
64;CONSTANCIAS;PREGRADO;CIENCIAS;MATEMATICA APLICADA;30,00;1
65;CERTIFICADO DE ESTUDIOS;PREGRADO;CIENCIAS;MATEMATICA APLICADA;0,00;1
66;RECORD ACADEMICO;PREGRADO;CIENCIAS;MATEMATICA APLICADA;15,00;1
67;REVISION DE PLAN Y/O BORRADOR DE TESIS;PREGRADO;CIENCIAS;MATEMATICA APLICADA;30,00;1
68;TESIS ASISTIDA;PREGRADO;CIENCIAS;MATEMATICA APLICADA;0,00;1
69;INSCRIPCION TESIS ASISTIDA;PREGRADO;CIENCIAS;MATEMATICA APLICADA;100,00;1
70;DERECHO DE SUSTENTACION DE TESIS;PREGRADO;CIENCIAS;MATEMATICA APLICADA;50,00;1
71;CURSO A CARGO;PREGRADO;CIENCIAS;MATEMATICA APLICADA;20,00;1
72;ESTUDIOS DIRIGIDOS;PREGRADO;CIENCIAS;MATEMATICA APLICADA;30,00;1
73;XXX;PREGRADO;CIENCIAS;MATEMATICA APLICADA;0,00;1
74;CICLO DE NIVELACION;PREGRADO;CIENCIAS;MATEMATICA APLICADA;90,00;1
75;OTROS;PREGRADO;CIENCIAS;MATEMATICA APLICADA;0,00;1
76;DERECHO DE MATRICULA ;PREGRADO;CIENCIAS ECONOMICAS, CONTABILIDAD Y FINANZAS;CIENC. CONTABL Y FINA;60,00;1
77;RESERVA DE MATRICULA;PREGRADO;CIENCIAS ECONOMICAS, CONTABILIDAD Y FINANZAS;CIENC. CONTABL Y FINA;50,00;1
78;REACTUALIZACION DE MATRICULA;PREGRADO;CIENCIAS ECONOMICAS, CONTABILIDAD Y FINANZAS;CIENC. CONTABL Y FINA;80,00;1
79;CONSTANCIAS;PREGRADO;CIENCIAS ECONOMICAS, CONTABILIDAD Y FINANZAS;CIENC. CONTABL Y FINA;30,00;1
80;CERTIFICADO DE ESTUDIOS;PREGRADO;CIENCIAS ECONOMICAS, CONTABILIDAD Y FINANZAS;CIENC. CONTABL Y FINA;0,00;1
81;RECORD ACADEMICO;PREGRADO;CIENCIAS ECONOMICAS, CONTABILIDAD Y FINANZAS;CIENC. CONTABL Y FINA;15,00;1
82;REVISION DE PLAN Y/O BORRADOR DE TESIS;PREGRADO;CIENCIAS ECONOMICAS, CONTABILIDAD Y FINANZAS;CIENC. CONTABL Y FINA;30,00;1
83;TESIS ASISTIDA;PREGRADO;CIENCIAS ECONOMICAS, CONTABILIDAD Y FINANZAS;CIENC. CONTABL Y FINA;0,00;1
84;INSCRIPCION TESIS ASISTIDA;PREGRADO;CIENCIAS ECONOMICAS, CONTABILIDAD Y FINANZAS;CIENC. CONTABL Y FINA;100,00;1
85;DERECHO DE SUSTENTACION DE TESIS;PREGRADO;CIENCIAS ECONOMICAS, CONTABILIDAD Y FINANZAS;CIENC. CONTABL Y FINA;50,00;1
86;CURSO A CARGO;PREGRADO;CIENCIAS ECONOMICAS, CONTABILIDAD Y FINANZAS;CIENC. CONTABL Y FINA;20,00;1
87;ESTUDIOS DIRIGIDOS;PREGRADO;CIENCIAS ECONOMICAS, CONTABILIDAD Y FINANZAS;CIENC. CONTABL Y FINA;30,00;1
88;XXX;PREGRADO;CIENCIAS ECONOMICAS, CONTABILIDAD Y FINANZAS;CIENC. CONTABL Y FINA;0,00;1
89;CICLO DE NIVELACION;PREGRADO;CIENCIAS ECONOMICAS, CONTABILIDAD Y FINANZAS;CIENC. CONTABL Y FINA;90,00;1
90;OTROS;PREGRADO;CIENCIAS ECONOMICAS, CONTABILIDAD Y FINANZAS;CIENC. CONTABL Y FINA;0,00;1
91;DERECHO DE MATRICULA ;PREGRADO;CIENCIAS ECONOMICAS, CONTABILIDAD Y FINANZAS;ECONOMIA Y FINANZAS;60,00;1
92;RESERVA DE MATRICULA;PREGRADO;CIENCIAS ECONOMICAS, CONTABILIDAD Y FINANZAS;ECONOMIA Y FINANZAS;50,00;1
93;REACTUALIZACION DE MATRICULA;PREGRADO;CIENCIAS ECONOMICAS, CONTABILIDAD Y FINANZAS;ECONOMIA Y FINANZAS;80,00;1
94;CONSTANCIAS;PREGRADO;CIENCIAS ECONOMICAS, CONTABILIDAD Y FINANZAS;ECONOMIA Y FINANZAS;30,00;1
95;CERTIFICADO DE ESTUDIOS;PREGRADO;CIENCIAS ECONOMICAS, CONTABILIDAD Y FINANZAS;ECONOMIA Y FINANZAS;0,00;1
96;RECORD ACADEMICO;PREGRADO;CIENCIAS ECONOMICAS, CONTABILIDAD Y FINANZAS;ECONOMIA Y FINANZAS;15,00;1
97;REVISION DE PLAN Y/O BORRADOR DE TESIS;PREGRADO;CIENCIAS ECONOMICAS, CONTABILIDAD Y FINANZAS;ECONOMIA Y FINANZAS;30,00;1
98;TESIS ASISTIDA;PREGRADO;CIENCIAS ECONOMICAS, CONTABILIDAD Y FINANZAS;ECONOMIA Y FINANZAS;0,00;1
99;INSCRIPCION TESIS ASISTIDA;PREGRADO;CIENCIAS ECONOMICAS, CONTABILIDAD Y FINANZAS;ECONOMIA Y FINANZAS;100,00;1
100;DERECHO DE SUSTENTACION DE TESIS;PREGRADO;CIENCIAS ECONOMICAS, CONTABILIDAD Y FINANZAS;ECONOMIA Y FINANZAS;50,00;1
101;CURSO A CARGO;PREGRADO;CIENCIAS ECONOMICAS, CONTABILIDAD Y FINANZAS;ECONOMIA Y FINANZAS;20,00;1
102;ESTUDIOS DIRIGIDOS;PREGRADO;CIENCIAS ECONOMICAS, CONTABILIDAD Y FINANZAS;ECONOMIA Y FINANZAS;30,00;1
103;XXX;PREGRADO;CIENCIAS ECONOMICAS, CONTABILIDAD Y FINANZAS;ECONOMIA Y FINANZAS;0,00;1
104;CICLO DE NIVELACION;PREGRADO;CIENCIAS ECONOMICAS, CONTABILIDAD Y FINANZAS;ECONOMIA Y FINANZAS;90,00;1
105;OTROS;PREGRADO;CIENCIAS ECONOMICAS, CONTABILIDAD Y FINANZAS;ECONOMIA Y FINANZAS;0,00;1
106;DERECHO DE MATRICULA ;PREGRADO;CIENCIAS EMPRESARIALES;ADMINISTRACION;60,00;1
107;RESERVA DE MATRICULA;PREGRADO;CIENCIAS EMPRESARIALES;ADMINISTRACION;50,00;1
108;REACTUALIZACION DE MATRICULA;PREGRADO;CIENCIAS EMPRESARIALES;ADMINISTRACION;80,00;1
109;CONSTANCIAS;PREGRADO;CIENCIAS EMPRESARIALES;ADMINISTRACION;30,00;1
110;CERTIFICADO DE ESTUDIOS;PREGRADO;CIENCIAS EMPRESARIALES;ADMINISTRACION;0,00;1
111;RECORD ACADEMICO;PREGRADO;CIENCIAS EMPRESARIALES;ADMINISTRACION;15,00;1
112;REVISION DE PLAN Y/O BORRADOR DE TESIS;PREGRADO;CIENCIAS EMPRESARIALES;ADMINISTRACION;30,00;1
113;TESIS ASISTIDA;PREGRADO;CIENCIAS EMPRESARIALES;ADMINISTRACION;0,00;1
114;INSCRIPCION TESIS ASISTIDA;PREGRADO;CIENCIAS EMPRESARIALES;ADMINISTRACION;100,00;1
115;DERECHO DE SUSTENTACION DE TESIS;PREGRADO;CIENCIAS EMPRESARIALES;ADMINISTRACION;50,00;1
116;CURSO A CARGO;PREGRADO;CIENCIAS EMPRESARIALES;ADMINISTRACION;20,00;1
117;ESTUDIOS DIRIGIDOS;PREGRADO;CIENCIAS EMPRESARIALES;ADMINISTRACION;30,00;1
118;XXX;PREGRADO;CIENCIAS EMPRESARIALES;ADMINISTRACION;0,00;1
119;CICLO DE NIVELACION;PREGRADO;CIENCIAS EMPRESARIALES;ADMINISTRACION;90,00;1
120;OTROS;PREGRADO;CIENCIAS EMPRESARIALES;ADMINISTRACION;0,00;1
121;DERECHO DE MATRICULA ;PREGRADO;CIENCIAS EMPRESARIALES;GESTION TURISMO Y HOTELERIA;60,00;1
122;RESERVA DE MATRICULA;PREGRADO;CIENCIAS EMPRESARIALES;GESTION TURISMO Y HOTELERIA;50,00;1
123;REACTUALIZACION DE MATRICULA;PREGRADO;CIENCIAS EMPRESARIALES;GESTION TURISMO Y HOTELERIA;80,00;1
124;CONSTANCIAS;PREGRADO;CIENCIAS EMPRESARIALES;GESTION TURISMO Y HOTELERIA;30,00;1
125;CERTIFICADO DE ESTUDIOS;PREGRADO;CIENCIAS EMPRESARIALES;GESTION TURISMO Y HOTELERIA;0,00;1
126;RECORD ACADEMICO;PREGRADO;CIENCIAS EMPRESARIALES;GESTION TURISMO Y HOTELERIA;15,00;1
127;REVISION DE PLAN Y/O BORRADOR DE TESIS;PREGRADO;CIENCIAS EMPRESARIALES;GESTION TURISMO Y HOTELERIA;30,00;1
128;TESIS ASISTIDA;PREGRADO;CIENCIAS EMPRESARIALES;GESTION TURISMO Y HOTELERIA;0,00;1
129;INSCRIPCION TESIS ASISTIDA;PREGRADO;CIENCIAS EMPRESARIALES;GESTION TURISMO Y HOTELERIA;100,00;1
130;DERECHO DE SUSTENTACION DE TESIS;PREGRADO;CIENCIAS EMPRESARIALES;GESTION TURISMO Y HOTELERIA;50,00;1
131;CURSO A CARGO;PREGRADO;CIENCIAS EMPRESARIALES;GESTION TURISMO Y HOTELERIA;20,00;1
132;ESTUDIOS DIRIGIDOS;PREGRADO;CIENCIAS EMPRESARIALES;GESTION TURISMO Y HOTELERIA;30,00;1
133;XXX;PREGRADO;CIENCIAS EMPRESARIALES;GESTION TURISMO Y HOTELERIA;0,00;1
134;CICLO DE NIVELACION;PREGRADO;CIENCIAS EMPRESARIALES;GESTION TURISMO Y HOTELERIA;90,00;1
135;OTROS;PREGRADO;CIENCIAS EMPRESARIALES;GESTION TURISMO Y HOTELERIA;0,00;1
136;DERECHO DE MATRICULA ;PREGRADO;CIENCIAS EMPRESARIALES;NEGOCIOS INTERNACIONALES;60,00;1
137;RESERVA DE MATRICULA;PREGRADO;CIENCIAS EMPRESARIALES;NEGOCIOS INTERNACIONALES;50,00;1
138;REACTUALIZACION DE MATRICULA;PREGRADO;CIENCIAS EMPRESARIALES;NEGOCIOS INTERNACIONALES;80,00;1
139;CONSTANCIAS;PREGRADO;CIENCIAS EMPRESARIALES;NEGOCIOS INTERNACIONALES;30,00;1
140;CERTIFICADO DE ESTUDIOS;PREGRADO;CIENCIAS EMPRESARIALES;NEGOCIOS INTERNACIONALES;0,00;1
141;RECORD ACADEMICO;PREGRADO;CIENCIAS EMPRESARIALES;NEGOCIOS INTERNACIONALES;15,00;1
142;REVISION DE PLAN Y/O BORRADOR DE TESIS;PREGRADO;CIENCIAS EMPRESARIALES;NEGOCIOS INTERNACIONALES;30,00;1
143;TESIS ASISTIDA;PREGRADO;CIENCIAS EMPRESARIALES;NEGOCIOS INTERNACIONALES;0,00;1
144;INSCRIPCION TESIS ASISTIDA;PREGRADO;CIENCIAS EMPRESARIALES;NEGOCIOS INTERNACIONALES;100,00;1
145;DERECHO DE SUSTENTACION DE TESIS;PREGRADO;CIENCIAS EMPRESARIALES;NEGOCIOS INTERNACIONALES;50,00;1
146;CURSO A CARGO;PREGRADO;CIENCIAS EMPRESARIALES;NEGOCIOS INTERNACIONALES;20,00;1
147;ESTUDIOS DIRIGIDOS;PREGRADO;CIENCIAS EMPRESARIALES;NEGOCIOS INTERNACIONALES;30,00;1
148;XXX;PREGRADO;CIENCIAS EMPRESARIALES;NEGOCIOS INTERNACIONALES;0,00;1
149;CICLO DE NIVELACION;PREGRADO;CIENCIAS EMPRESARIALES;NEGOCIOS INTERNACIONALES;90,00;1
150;OTROS;PREGRADO;CIENCIAS EMPRESARIALES;NEGOCIOS INTERNACIONALES;0,00;1
151;DERECHO DE MATRICULA ;PREGRADO;CIENCIAS SOCIALES;CIENC. DE LA COMUNICACION;60,00;1
152;RESERVA DE MATRICULA;PREGRADO;CIENCIAS SOCIALES;CIENC. DE LA COMUNICACION;50,00;1
153;REACTUALIZACION DE MATRICULA;PREGRADO;CIENCIAS SOCIALES;CIENC. DE LA COMUNICACION;80,00;1
154;CONSTANCIAS;PREGRADO;CIENCIAS SOCIALES;CIENC. DE LA COMUNICACION;30,00;1
155;CERTIFICADO DE ESTUDIOS;PREGRADO;CIENCIAS SOCIALES;CIENC. DE LA COMUNICACION;0,00;1
156;RECORD ACADEMICO;PREGRADO;CIENCIAS SOCIALES;CIENC. DE LA COMUNICACION;15,00;1
157;REVISION DE PLAN Y/O BORRADOR DE TESIS;PREGRADO;CIENCIAS SOCIALES;CIENC. DE LA COMUNICACION;30,00;1
158;TESIS ASISTIDA;PREGRADO;CIENCIAS SOCIALES;CIENC. DE LA COMUNICACION;0,00;1
159;INSCRIPCION TESIS ASISTIDA;PREGRADO;CIENCIAS SOCIALES;CIENC. DE LA COMUNICACION;100,00;1
160;DERECHO DE SUSTENTACION DE TESIS;PREGRADO;CIENCIAS SOCIALES;CIENC. DE LA COMUNICACION;50,00;1
161;CURSO A CARGO;PREGRADO;CIENCIAS SOCIALES;CIENC. DE LA COMUNICACION;20,00;1
162;ESTUDIOS DIRIGIDOS;PREGRADO;CIENCIAS SOCIALES;CIENC. DE LA COMUNICACION;30,00;1
163;XXX;PREGRADO;CIENCIAS SOCIALES;CIENC. DE LA COMUNICACION;0,00;1
164;CICLO DE NIVELACION;PREGRADO;CIENCIAS SOCIALES;CIENC. DE LA COMUNICACION;90,00;1
165;OTROS;PREGRADO;CIENCIAS SOCIALES;CIENC. DE LA COMUNICACION;0,00;1
166;DERECHO DE MATRICULA ;PREGRADO;CIENCIAS SOCIALES;SOCIOLOGIA;60,00;1
167;RESERVA DE MATRICULA;PREGRADO;CIENCIAS SOCIALES;SOCIOLOGIA;50,00;1
168;REACTUALIZACION DE MATRICULA;PREGRADO;CIENCIAS SOCIALES;SOCIOLOGIA;80,00;1
169;CONSTANCIAS;PREGRADO;CIENCIAS SOCIALES;SOCIOLOGIA;30,00;1
170;CERTIFICADO DE ESTUDIOS;PREGRADO;CIENCIAS SOCIALES;SOCIOLOGIA;0,00;1
171;RECORD ACADEMICO;PREGRADO;CIENCIAS SOCIALES;SOCIOLOGIA;15,00;1
172;REVISION DE PLAN Y/O BORRADOR DE TESIS;PREGRADO;CIENCIAS SOCIALES;SOCIOLOGIA;30,00;1
173;TESIS ASISTIDA;PREGRADO;CIENCIAS SOCIALES;SOCIOLOGIA;0,00;1
174;INSCRIPCION TESIS ASISTIDA;PREGRADO;CIENCIAS SOCIALES;SOCIOLOGIA;100,00;1
175;DERECHO DE SUSTENTACION DE TESIS;PREGRADO;CIENCIAS SOCIALES;SOCIOLOGIA;50,00;1
176;CURSO A CARGO;PREGRADO;CIENCIAS SOCIALES;SOCIOLOGIA;20,00;1
177;ESTUDIOS DIRIGIDOS;PREGRADO;CIENCIAS SOCIALES;SOCIOLOGIA;30,00;1
178;XXX;PREGRADO;CIENCIAS SOCIALES;SOCIOLOGIA;0,00;1
179;CICLO DE NIVELACION;PREGRADO;CIENCIAS SOCIALES;SOCIOLOGIA;90,00;1
180;OTROS;PREGRADO;CIENCIAS SOCIALES;SOCIOLOGIA;0,00;1
181;DERECHO DE MATRICULA ;PREGRADO;CIENCIAS SOCIALES;TRABAJO SOCIAL;60,00;1
182;RESERVA DE MATRICULA;PREGRADO;CIENCIAS SOCIALES;TRABAJO SOCIAL;50,00;1
183;REACTUALIZACION DE MATRICULA;PREGRADO;CIENCIAS SOCIALES;TRABAJO SOCIAL;80,00;1
184;CONSTANCIAS;PREGRADO;CIENCIAS SOCIALES;TRABAJO SOCIAL;30,00;1
185;CERTIFICADO DE ESTUDIOS;PREGRADO;CIENCIAS SOCIALES;TRABAJO SOCIAL;0,00;1
186;RECORD ACADEMICO;PREGRADO;CIENCIAS SOCIALES;TRABAJO SOCIAL;15,00;1
187;REVISION DE PLAN Y/O BORRADOR DE TESIS;PREGRADO;CIENCIAS SOCIALES;TRABAJO SOCIAL;30,00;1
188;TESIS ASISTIDA;PREGRADO;CIENCIAS SOCIALES;TRABAJO SOCIAL;0,00;1
189;INSCRIPCION TESIS ASISTIDA;PREGRADO;CIENCIAS SOCIALES;TRABAJO SOCIAL;100,00;1
190;DERECHO DE SUSTENTACION DE TESIS;PREGRADO;CIENCIAS SOCIALES;TRABAJO SOCIAL;50,00;1
191;CURSO A CARGO;PREGRADO;CIENCIAS SOCIALES;TRABAJO SOCIAL;20,00;1
192;ESTUDIOS DIRIGIDOS;PREGRADO;CIENCIAS SOCIALES;TRABAJO SOCIAL;30,00;1
193;XXX;PREGRADO;CIENCIAS SOCIALES;TRABAJO SOCIAL;0,00;1
194;CICLO DE NIVELACION;PREGRADO;CIENCIAS SOCIALES;TRABAJO SOCIAL;90,00;1
195;OTROS;PREGRADO;CIENCIAS SOCIALES;TRABAJO SOCIAL;0,00;1
196;DERECHO DE MATRICULA ;PREGRADO;DERECHO Y CIENCIAS POLITICAS;DERECHO;60,00;1
197;RESERVA DE MATRICULA;PREGRADO;DERECHO Y CIENCIAS POLITICAS;DERECHO;50,00;1
198;REACTUALIZACION DE MATRICULA;PREGRADO;DERECHO Y CIENCIAS POLITICAS;DERECHO;80,00;1
199;CONSTANCIAS;PREGRADO;DERECHO Y CIENCIAS POLITICAS;DERECHO;30,00;1
200;CERTIFICADO DE ESTUDIOS;PREGRADO;DERECHO Y CIENCIAS POLITICAS;DERECHO;0,00;1
201;RECORD ACADEMICO;PREGRADO;DERECHO Y CIENCIAS POLITICAS;DERECHO;15,00;1
202;REVISION DE PLAN Y/O BORRADOR DE TESIS;PREGRADO;DERECHO Y CIENCIAS POLITICAS;DERECHO;30,00;1
203;TESIS ASISTIDA;PREGRADO;DERECHO Y CIENCIAS POLITICAS;DERECHO;0,00;1
204;INSCRIPCION TESIS ASISTIDA;PREGRADO;DERECHO Y CIENCIAS POLITICAS;DERECHO;100,00;1
205;DERECHO DE SUSTENTACION DE TESIS;PREGRADO;DERECHO Y CIENCIAS POLITICAS;DERECHO;50,00;1
206;CURSO A CARGO;PREGRADO;DERECHO Y CIENCIAS POLITICAS;DERECHO;20,00;1
207;ESTUDIOS DIRIGIDOS;PREGRADO;DERECHO Y CIENCIAS POLITICAS;DERECHO;30,00;1
208;XXX;PREGRADO;DERECHO Y CIENCIAS POLITICAS;DERECHO;0,00;1
209;CICLO DE NIVELACION;PREGRADO;DERECHO Y CIENCIAS POLITICAS;DERECHO;90,00;1
210;OTROS;PREGRADO;DERECHO Y CIENCIAS POLITICAS;DERECHO;0,00;1
211;DERECHO DE MATRICULA ;PREGRADO;EDUCACION;EDUCACION INICIAL;60,00;1
212;RESERVA DE MATRICULA;PREGRADO;EDUCACION;EDUCACION INICIAL;50,00;1
213;REACTUALIZACION DE MATRICULA;PREGRADO;EDUCACION;EDUCACION INICIAL;80,00;1
214;CONSTANCIAS;PREGRADO;EDUCACION;EDUCACION INICIAL;30,00;1
215;CERTIFICADO DE ESTUDIOS;PREGRADO;EDUCACION;EDUCACION INICIAL;0,00;1
216;RECORD ACADEMICO;PREGRADO;EDUCACION;EDUCACION INICIAL;15,00;1
217;REVISION DE PLAN Y/O BORRADOR DE TESIS;PREGRADO;EDUCACION;EDUCACION INICIAL;30,00;1
218;TESIS ASISTIDA;PREGRADO;EDUCACION;EDUCACION INICIAL;0,00;1
219;INSCRIPCION TESIS ASISTIDA;PREGRADO;EDUCACION;EDUCACION INICIAL;100,00;1
220;DERECHO DE SUSTENTACION DE TESIS;PREGRADO;EDUCACION;EDUCACION INICIAL;50,00;1
221;CURSO A CARGO;PREGRADO;EDUCACION;EDUCACION INICIAL;20,00;1
222;ESTUDIOS DIRIGIDOS;PREGRADO;EDUCACION;EDUCACION INICIAL;30,00;1
223;XXX;PREGRADO;EDUCACION;EDUCACION INICIAL;0,00;1
224;CICLO DE NIVELACION;PREGRADO;EDUCACION;EDUCACION INICIAL;90,00;1
225;OTROS;PREGRADO;EDUCACION;EDUCACION INICIAL;0,00;1
226;DERECHO DE MATRICULA ;PREGRADO;EDUCACION;EDUCACION PRIMARIA;60,00;1
227;RESERVA DE MATRICULA;PREGRADO;EDUCACION;EDUCACION PRIMARIA;50,00;1
228;REACTUALIZACION DE MATRICULA;PREGRADO;EDUCACION;EDUCACION PRIMARIA;80,00;1
229;CONSTANCIAS;PREGRADO;EDUCACION;EDUCACION PRIMARIA;30,00;1
230;CERTIFICADO DE ESTUDIOS;PREGRADO;EDUCACION;EDUCACION PRIMARIA;0,00;1
231;RECORD ACADEMICO;PREGRADO;EDUCACION;EDUCACION PRIMARIA;15,00;1
232;REVISION DE PLAN Y/O BORRADOR DE TESIS;PREGRADO;EDUCACION;EDUCACION PRIMARIA;30,00;1
233;TESIS ASISTIDA;PREGRADO;EDUCACION;EDUCACION PRIMARIA;0,00;1
234;INSCRIPCION TESIS ASISTIDA;PREGRADO;EDUCACION;EDUCACION PRIMARIA;100,00;1
235;DERECHO DE SUSTENTACION DE TESIS;PREGRADO;EDUCACION;EDUCACION PRIMARIA;50,00;1
236;CURSO A CARGO;PREGRADO;EDUCACION;EDUCACION PRIMARIA;20,00;1
237;ESTUDIOS DIRIGIDOS;PREGRADO;EDUCACION;EDUCACION PRIMARIA;30,00;1
238;XXX;PREGRADO;EDUCACION;EDUCACION PRIMARIA;0,00;1
239;CICLO DE NIVELACION;PREGRADO;EDUCACION;EDUCACION PRIMARIA;90,00;1
240;OTROS;PREGRADO;EDUCACION;EDUCACION PRIMARIA;0,00;1
241;DERECHO DE MATRICULA ;PREGRADO;EDUCACION;ED. SEC. BIOLOGIA, QUIMICA Y TECNOLOGIA DE LOS ALIMENTOS ;60,00;1
242;RESERVA DE MATRICULA;PREGRADO;EDUCACION;ED. SEC. BIOLOGIA, QUIMICA Y TECNOLOGIA DE LOS ALIMENTOS ;50,00;1
243;REACTUALIZACION DE MATRICULA;PREGRADO;EDUCACION;ED. SEC. BIOLOGIA, QUIMICA Y TECNOLOGIA DE LOS ALIMENTOS ;80,00;1
244;CONSTANCIAS;PREGRADO;EDUCACION;ED. SEC. BIOLOGIA, QUIMICA Y TECNOLOGIA DE LOS ALIMENTOS ;30,00;1
245;CERTIFICADO DE ESTUDIOS;PREGRADO;EDUCACION;ED. SEC. BIOLOGIA, QUIMICA Y TECNOLOGIA DE LOS ALIMENTOS ;0,00;1
246;RECORD ACADEMICO;PREGRADO;EDUCACION;ED. SEC. BIOLOGIA, QUIMICA Y TECNOLOGIA DE LOS ALIMENTOS ;15,00;1
247;REVISION DE PLAN Y/O BORRADOR DE TESIS;PREGRADO;EDUCACION;ED. SEC. BIOLOGIA, QUIMICA Y TECNOLOGIA DE LOS ALIMENTOS ;30,00;1
248;TESIS ASISTIDA;PREGRADO;EDUCACION;ED. SEC. BIOLOGIA, QUIMICA Y TECNOLOGIA DE LOS ALIMENTOS ;0,00;1
249;INSCRIPCION TESIS ASISTIDA;PREGRADO;EDUCACION;ED. SEC. BIOLOGIA, QUIMICA Y TECNOLOGIA DE LOS ALIMENTOS ;100,00;1
250;DERECHO DE SUSTENTACION DE TESIS;PREGRADO;EDUCACION;ED. SEC. BIOLOGIA, QUIMICA Y TECNOLOGIA DE LOS ALIMENTOS ;50,00;1
251;CURSO A CARGO;PREGRADO;EDUCACION;ED. SEC. BIOLOGIA, QUIMICA Y TECNOLOGIA DE LOS ALIMENTOS ;20,00;1
252;ESTUDIOS DIRIGIDOS;PREGRADO;EDUCACION;ED. SEC. BIOLOGIA, QUIMICA Y TECNOLOGIA DE LOS ALIMENTOS ;30,00;1
253;XXX;PREGRADO;EDUCACION;ED. SEC. BIOLOGIA, QUIMICA Y TECNOLOGIA DE LOS ALIMENTOS ;0,00;1
254;CICLO DE NIVELACION;PREGRADO;EDUCACION;ED. SEC. BIOLOGIA, QUIMICA Y TECNOLOGIA DE LOS ALIMENTOS ;90,00;1
255;OTROS;PREGRADO;EDUCACION;ED. SEC. BIOLOGIA, QUIMICA Y TECNOLOGIA DE LOS ALIMENTOS ;0,00;1
256;DERECHO DE MATRICULA ;PREGRADO;EDUCACION;ED. SEC. CIENCIAS SOCIALES Y TURISMO;60,00;1
257;RESERVA DE MATRICULA;PREGRADO;EDUCACION;ED. SEC. CIENCIAS SOCIALES Y TURISMO;50,00;1
258;REACTUALIZACION DE MATRICULA;PREGRADO;EDUCACION;ED. SEC. CIENCIAS SOCIALES Y TURISMO;80,00;1
259;CONSTANCIAS;PREGRADO;EDUCACION;ED. SEC. CIENCIAS SOCIALES Y TURISMO;30,00;1
260;CERTIFICADO DE ESTUDIOS;PREGRADO;EDUCACION;ED. SEC. CIENCIAS SOCIALES Y TURISMO;0,00;1
261;RECORD ACADEMICO;PREGRADO;EDUCACION;ED. SEC. CIENCIAS SOCIALES Y TURISMO;15,00;1
262;REVISION DE PLAN Y/O BORRADOR DE TESIS;PREGRADO;EDUCACION;ED. SEC. CIENCIAS SOCIALES Y TURISMO;30,00;1
263;TESIS ASISTIDA;PREGRADO;EDUCACION;ED. SEC. CIENCIAS SOCIALES Y TURISMO;0,00;1
264;INSCRIPCION TESIS ASISTIDA;PREGRADO;EDUCACION;ED. SEC. CIENCIAS SOCIALES Y TURISMO;100,00;1
265;DERECHO DE SUSTENTACION DE TESIS;PREGRADO;EDUCACION;ED. SEC. CIENCIAS SOCIALES Y TURISMO;50,00;1
266;CURSO A CARGO;PREGRADO;EDUCACION;ED. SEC. CIENCIAS SOCIALES Y TURISMO;20,00;1
267;ESTUDIOS DIRIGIDOS;PREGRADO;EDUCACION;ED. SEC. CIENCIAS SOCIALES Y TURISMO;30,00;1
268;XXX;PREGRADO;EDUCACION;ED. SEC. CIENCIAS SOCIALES Y TURISMO;0,00;1
269;CICLO DE NIVELACION;PREGRADO;EDUCACION;ED. SEC. CIENCIAS SOCIALES Y TURISMO;90,00;1
270;OTROS;PREGRADO;EDUCACION;ED. SEC. CIENCIAS SOCIALES Y TURISMO;0,00;1
271;DERECHO DE MATRICULA ;PREGRADO;EDUCACION;ED. SEC. LENGUAJE COMUNICACION E IDIOMAS;60,00;1
272;RESERVA DE MATRICULA;PREGRADO;EDUCACION;ED. SEC. LENGUAJE COMUNICACION E IDIOMAS;50,00;1
273;REACTUALIZACION DE MATRICULA;PREGRADO;EDUCACION;ED. SEC. LENGUAJE COMUNICACION E IDIOMAS;80,00;1
274;CONSTANCIAS;PREGRADO;EDUCACION;ED. SEC. LENGUAJE COMUNICACION E IDIOMAS;30,00;1
275;CERTIFICADO DE ESTUDIOS;PREGRADO;EDUCACION;ED. SEC. LENGUAJE COMUNICACION E IDIOMAS;0,00;1
276;RECORD ACADEMICO;PREGRADO;EDUCACION;ED. SEC. LENGUAJE COMUNICACION E IDIOMAS;15,00;1
277;REVISION DE PLAN Y/O BORRADOR DE TESIS;PREGRADO;EDUCACION;ED. SEC. LENGUAJE COMUNICACION E IDIOMAS;30,00;1
278;TESIS ASISTIDA;PREGRADO;EDUCACION;ED. SEC. LENGUAJE COMUNICACION E IDIOMAS;0,00;1
279;INSCRIPCION TESIS ASISTIDA;PREGRADO;EDUCACION;ED. SEC. LENGUAJE COMUNICACION E IDIOMAS;100,00;1
280;DERECHO DE SUSTENTACION DE TESIS;PREGRADO;EDUCACION;ED. SEC. LENGUAJE COMUNICACION E IDIOMAS;50,00;1
281;CURSO A CARGO;PREGRADO;EDUCACION;ED. SEC. LENGUAJE COMUNICACION E IDIOMAS;20,00;1
282;ESTUDIOS DIRIGIDOS;PREGRADO;EDUCACION;ED. SEC. LENGUAJE COMUNICACION E IDIOMAS;30,00;1
283;XXX;PREGRADO;EDUCACION;ED. SEC. LENGUAJE COMUNICACION E IDIOMAS;0,00;1
284;CICLO DE NIVELACION;PREGRADO;EDUCACION;ED. SEC. LENGUAJE COMUNICACION E IDIOMAS;90,00;1
285;OTROS;PREGRADO;EDUCACION;ED. SEC. LENGUAJE COMUNICACION E IDIOMAS;0,00;1
286;DERECHO DE MATRICULA ;PREGRADO;EDUCACION;ED. SEC. MATEMATICA FISICA E INFORMATICA;60,00;1
287;RESERVA DE MATRICULA;PREGRADO;EDUCACION;ED. SEC. MATEMATICA FISICA E INFORMATICA;50,00;1
288;REACTUALIZACION DE MATRICULA;PREGRADO;EDUCACION;ED. SEC. MATEMATICA FISICA E INFORMATICA;80,00;1
289;CONSTANCIAS;PREGRADO;EDUCACION;ED. SEC. MATEMATICA FISICA E INFORMATICA;30,00;1
290;CERTIFICADO DE ESTUDIOS;PREGRADO;EDUCACION;ED. SEC. MATEMATICA FISICA E INFORMATICA;0,00;1
291;RECORD ACADEMICO;PREGRADO;EDUCACION;ED. SEC. MATEMATICA FISICA E INFORMATICA;15,00;1
292;REVISION DE PLAN Y/O BORRADOR DE TESIS;PREGRADO;EDUCACION;ED. SEC. MATEMATICA FISICA E INFORMATICA;30,00;1
293;TESIS ASISTIDA;PREGRADO;EDUCACION;ED. SEC. MATEMATICA FISICA E INFORMATICA;0,00;1
294;INSCRIPCION TESIS ASISTIDA;PREGRADO;EDUCACION;ED. SEC. MATEMATICA FISICA E INFORMATICA;100,00;1
295;DERECHO DE SUSTENTACION DE TESIS;PREGRADO;EDUCACION;ED. SEC. MATEMATICA FISICA E INFORMATICA;50,00;1
296;CURSO A CARGO;PREGRADO;EDUCACION;ED. SEC. MATEMATICA FISICA E INFORMATICA;20,00;1
297;ESTUDIOS DIRIGIDOS;PREGRADO;EDUCACION;ED. SEC. MATEMATICA FISICA E INFORMATICA;30,00;1
298;XXX;PREGRADO;EDUCACION;ED. SEC. MATEMATICA FISICA E INFORMATICA;0,00;1
299;CICLO DE NIVELACION;PREGRADO;EDUCACION;ED. SEC. MATEMATICA FISICA E INFORMATICA;90,00;1
300;OTROS;PREGRADO;EDUCACION;ED. SEC. MATEMATICA FISICA E INFORMATICA;0,00;1
301;DERECHO DE MATRICULA ;PREGRADO;EDUCACION;ED. SEC. CONSTRUCCIONES METALICAS;60,00;1
302;RESERVA DE MATRICULA;PREGRADO;EDUCACION;ED. SEC. CONSTRUCCIONES METALICAS;50,00;1
303;REACTUALIZACION DE MATRICULA;PREGRADO;EDUCACION;ED. SEC. CONSTRUCCIONES METALICAS;80,00;1
304;CONSTANCIAS;PREGRADO;EDUCACION;ED. SEC. CONSTRUCCIONES METALICAS;30,00;1
305;CERTIFICADO DE ESTUDIOS;PREGRADO;EDUCACION;ED. SEC. CONSTRUCCIONES METALICAS;0,00;1
306;RECORD ACADEMICO;PREGRADO;EDUCACION;ED. SEC. CONSTRUCCIONES METALICAS;15,00;1
307;REVISION DE PLAN Y/O BORRADOR DE TESIS;PREGRADO;EDUCACION;ED. SEC. CONSTRUCCIONES METALICAS;30,00;1
308;TESIS ASISTIDA;PREGRADO;EDUCACION;ED. SEC. CONSTRUCCIONES METALICAS;0,00;1
309;INSCRIPCION TESIS ASISTIDA;PREGRADO;EDUCACION;ED. SEC. CONSTRUCCIONES METALICAS;100,00;1
310;DERECHO DE SUSTENTACION DE TESIS;PREGRADO;EDUCACION;ED. SEC. CONSTRUCCIONES METALICAS;50,00;1
311;CURSO A CARGO;PREGRADO;EDUCACION;ED. SEC. CONSTRUCCIONES METALICAS;20,00;1
312;ESTUDIOS DIRIGIDOS;PREGRADO;EDUCACION;ED. SEC. CONSTRUCCIONES METALICAS;30,00;1
313;XXX;PREGRADO;EDUCACION;ED. SEC. CONSTRUCCIONES METALICAS;0,00;1
314;CICLO DE NIVELACION;PREGRADO;EDUCACION;ED. SEC. CONSTRUCCIONES METALICAS;90,00;1
315;OTROS;PREGRADO;EDUCACION;ED. SEC. CONSTRUCCIONES METALICAS;0,00;1
316;DERECHO DE MATRICULA ;PREGRADO;EDUCACION;ED. SEC. ELECTRONICA;60,00;1
317;RESERVA DE MATRICULA;PREGRADO;EDUCACION;ED. SEC. ELECTRONICA;50,00;1
318;REACTUALIZACION DE MATRICULA;PREGRADO;EDUCACION;ED. SEC. ELECTRONICA;80,00;1
319;CONSTANCIAS;PREGRADO;EDUCACION;ED. SEC. ELECTRONICA;30,00;1
320;CERTIFICADO DE ESTUDIOS;PREGRADO;EDUCACION;ED. SEC. ELECTRONICA;0,00;1
321;RECORD ACADEMICO;PREGRADO;EDUCACION;ED. SEC. ELECTRONICA;15,00;1
322;REVISION DE PLAN Y/O BORRADOR DE TESIS;PREGRADO;EDUCACION;ED. SEC. ELECTRONICA;30,00;1
323;TESIS ASISTIDA;PREGRADO;EDUCACION;ED. SEC. ELECTRONICA;0,00;1
324;INSCRIPCION TESIS ASISTIDA;PREGRADO;EDUCACION;ED. SEC. ELECTRONICA;100,00;1
325;DERECHO DE SUSTENTACION DE TESIS;PREGRADO;EDUCACION;ED. SEC. ELECTRONICA;50,00;1
326;CURSO A CARGO;PREGRADO;EDUCACION;ED. SEC. ELECTRONICA;20,00;1
327;ESTUDIOS DIRIGIDOS;PREGRADO;EDUCACION;ED. SEC. ELECTRONICA;30,00;1
328;XXX;PREGRADO;EDUCACION;ED. SEC. ELECTRONICA;0,00;1
329;CICLO DE NIVELACION;PREGRADO;EDUCACION;ED. SEC. ELECTRONICA;90,00;1
330;OTROS;PREGRADO;EDUCACION;ED. SEC. ELECTRONICA;0,00;1
331;DERECHO DE MATRICULA ;PREGRADO;EDUCACION;ED. SEC. FISICA Y DEPORTES;60,00;1
332;RESERVA DE MATRICULA;PREGRADO;EDUCACION;ED. SEC. FISICA Y DEPORTES;50,00;1
333;REACTUALIZACION DE MATRICULA;PREGRADO;EDUCACION;ED. SEC. FISICA Y DEPORTES;80,00;1
334;CONSTANCIAS;PREGRADO;EDUCACION;ED. SEC. FISICA Y DEPORTES;30,00;1
335;CERTIFICADO DE ESTUDIOS;PREGRADO;EDUCACION;ED. SEC. FISICA Y DEPORTES;0,00;1
336;RECORD ACADEMICO;PREGRADO;EDUCACION;ED. SEC. FISICA Y DEPORTES;15,00;1
337;REVISION DE PLAN Y/O BORRADOR DE TESIS;PREGRADO;EDUCACION;ED. SEC. FISICA Y DEPORTES;30,00;1
338;TESIS ASISTIDA;PREGRADO;EDUCACION;ED. SEC. FISICA Y DEPORTES;0,00;1
339;INSCRIPCION TESIS ASISTIDA;PREGRADO;EDUCACION;ED. SEC. FISICA Y DEPORTES;100,00;1
340;DERECHO DE SUSTENTACION DE TESIS;PREGRADO;EDUCACION;ED. SEC. FISICA Y DEPORTES;50,00;1
341;CURSO A CARGO;PREGRADO;EDUCACION;ED. SEC. FISICA Y DEPORTES;20,00;1
342;ESTUDIOS DIRIGIDOS;PREGRADO;EDUCACION;ED. SEC. FISICA Y DEPORTES;30,00;1
343;XXX;PREGRADO;EDUCACION;ED. SEC. FISICA Y DEPORTES;0,00;1
344;CICLO DE NIVELACION;PREGRADO;EDUCACION;ED. SEC. FISICA Y DEPORTES;90,00;1
345;OTROS;PREGRADO;EDUCACION;ED. SEC. FISICA Y DEPORTES;0,00;1
346;DERECHO DE MATRICULA ;PREGRADO;INGERNIERIA AGRARIA, INDUSTRIA ALIMENTARIA Y AMBIENTAL;ING. EN INDUSTRIAS ALIMENTARIAS;60,00;1
347;RESERVA DE MATRICULA;PREGRADO;INGERNIERIA AGRARIA, INDUSTRIA ALIMENTARIA Y AMBIENTAL;ING. EN INDUSTRIAS ALIMENTARIAS;50,00;1
348;REACTUALIZACION DE MATRICULA;PREGRADO;INGERNIERIA AGRARIA, INDUSTRIA ALIMENTARIA Y AMBIENTAL;ING. EN INDUSTRIAS ALIMENTARIAS;80,00;1
349;CONSTANCIAS;PREGRADO;INGERNIERIA AGRARIA, INDUSTRIA ALIMENTARIA Y AMBIENTAL;ING. EN INDUSTRIAS ALIMENTARIAS;30,00;1
350;CERTIFICADO DE ESTUDIOS;PREGRADO;INGERNIERIA AGRARIA, INDUSTRIA ALIMENTARIA Y AMBIENTAL;ING. EN INDUSTRIAS ALIMENTARIAS;0,00;1
351;RECORD ACADEMICO;PREGRADO;INGERNIERIA AGRARIA, INDUSTRIA ALIMENTARIA Y AMBIENTAL;ING. EN INDUSTRIAS ALIMENTARIAS;15,00;1
352;REVISION DE PLAN Y/O BORRADOR DE TESIS;PREGRADO;INGERNIERIA AGRARIA, INDUSTRIA ALIMENTARIA Y AMBIENTAL;ING. EN INDUSTRIAS ALIMENTARIAS;30,00;1
353;TESIS ASISTIDA;PREGRADO;INGERNIERIA AGRARIA, INDUSTRIA ALIMENTARIA Y AMBIENTAL;ING. EN INDUSTRIAS ALIMENTARIAS;0,00;1
354;INSCRIPCION TESIS ASISTIDA;PREGRADO;INGERNIERIA AGRARIA, INDUSTRIA ALIMENTARIA Y AMBIENTAL;ING. EN INDUSTRIAS ALIMENTARIAS;100,00;1
355;DERECHO DE SUSTENTACION DE TESIS;PREGRADO;INGERNIERIA AGRARIA, INDUSTRIA ALIMENTARIA Y AMBIENTAL;ING. EN INDUSTRIAS ALIMENTARIAS;50,00;1
356;CURSO A CARGO;PREGRADO;INGERNIERIA AGRARIA, INDUSTRIA ALIMENTARIA Y AMBIENTAL;ING. EN INDUSTRIAS ALIMENTARIAS;20,00;1
357;ESTUDIOS DIRIGIDOS;PREGRADO;INGERNIERIA AGRARIA, INDUSTRIA ALIMENTARIA Y AMBIENTAL;ING. EN INDUSTRIAS ALIMENTARIAS;30,00;1
358;XXX;PREGRADO;INGERNIERIA AGRARIA, INDUSTRIA ALIMENTARIA Y AMBIENTAL;ING. EN INDUSTRIAS ALIMENTARIAS;0,00;1
359;CICLO DE NIVELACION;PREGRADO;INGERNIERIA AGRARIA, INDUSTRIA ALIMENTARIA Y AMBIENTAL;ING. EN INDUSTRIAS ALIMENTARIAS;90,00;1
360;OTROS;PREGRADO;INGERNIERIA AGRARIA, INDUSTRIA ALIMENTARIA Y AMBIENTAL;ING. EN INDUSTRIAS ALIMENTARIAS;0,00;1
361;DERECHO DE MATRICULA ;PREGRADO;INGERNIERIA AGRARIA, INDUSTRIA ALIMENTARIA Y AMBIENTAL;ING. EN AGRONOMIA;60,00;1
362;RESERVA DE MATRICULA;PREGRADO;INGERNIERIA AGRARIA, INDUSTRIA ALIMENTARIA Y AMBIENTAL;ING. EN AGRONOMIA;50,00;1
363;REACTUALIZACION DE MATRICULA;PREGRADO;INGERNIERIA AGRARIA, INDUSTRIA ALIMENTARIA Y AMBIENTAL;ING. EN AGRONOMIA;80,00;1
364;CONSTANCIAS;PREGRADO;INGERNIERIA AGRARIA, INDUSTRIA ALIMENTARIA Y AMBIENTAL;ING. EN AGRONOMIA;30,00;1
365;CERTIFICADO DE ESTUDIOS;PREGRADO;INGERNIERIA AGRARIA, INDUSTRIA ALIMENTARIA Y AMBIENTAL;ING. EN AGRONOMIA;0,00;1
366;RECORD ACADEMICO;PREGRADO;INGERNIERIA AGRARIA, INDUSTRIA ALIMENTARIA Y AMBIENTAL;ING. EN AGRONOMIA;15,00;1
367;REVISION DE PLAN Y/O BORRADOR DE TESIS;PREGRADO;INGERNIERIA AGRARIA, INDUSTRIA ALIMENTARIA Y AMBIENTAL;ING. EN AGRONOMIA;30,00;1
368;TESIS ASISTIDA;PREGRADO;INGERNIERIA AGRARIA, INDUSTRIA ALIMENTARIA Y AMBIENTAL;ING. EN AGRONOMIA;0,00;1
369;INSCRIPCION TESIS ASISTIDA;PREGRADO;INGERNIERIA AGRARIA, INDUSTRIA ALIMENTARIA Y AMBIENTAL;ING. EN AGRONOMIA;100,00;1
370;DERECHO DE SUSTENTACION DE TESIS;PREGRADO;INGERNIERIA AGRARIA, INDUSTRIA ALIMENTARIA Y AMBIENTAL;ING. EN AGRONOMIA;50,00;1
371;CURSO A CARGO;PREGRADO;INGERNIERIA AGRARIA, INDUSTRIA ALIMENTARIA Y AMBIENTAL;ING. EN AGRONOMIA;20,00;1
372;ESTUDIOS DIRIGIDOS;PREGRADO;INGERNIERIA AGRARIA, INDUSTRIA ALIMENTARIA Y AMBIENTAL;ING. EN AGRONOMIA;30,00;1
373;XXX;PREGRADO;INGERNIERIA AGRARIA, INDUSTRIA ALIMENTARIA Y AMBIENTAL;ING. EN AGRONOMIA;0,00;1
374;CICLO DE NIVELACION;PREGRADO;INGERNIERIA AGRARIA, INDUSTRIA ALIMENTARIA Y AMBIENTAL;ING. EN AGRONOMIA;90,00;1
375;OTROS;PREGRADO;INGERNIERIA AGRARIA, INDUSTRIA ALIMENTARIA Y AMBIENTAL;ING. EN AGRONOMIA;0,00;1
376;DERECHO DE MATRICULA ;PREGRADO;INGERNIERIA AGRARIA, INDUSTRIA ALIMENTARIA Y AMBIENTAL;ING. AMBIENTAL;60,00;1
377;RESERVA DE MATRICULA;PREGRADO;INGERNIERIA AGRARIA, INDUSTRIA ALIMENTARIA Y AMBIENTAL;ING. AMBIENTAL;50,00;1
378;REACTUALIZACION DE MATRICULA;PREGRADO;INGERNIERIA AGRARIA, INDUSTRIA ALIMENTARIA Y AMBIENTAL;ING. AMBIENTAL;80,00;1
379;CONSTANCIAS;PREGRADO;INGERNIERIA AGRARIA, INDUSTRIA ALIMENTARIA Y AMBIENTAL;ING. AMBIENTAL;30,00;1
380;CERTIFICADO DE ESTUDIOS;PREGRADO;INGERNIERIA AGRARIA, INDUSTRIA ALIMENTARIA Y AMBIENTAL;ING. AMBIENTAL;0,00;1
381;RECORD ACADEMICO;PREGRADO;INGERNIERIA AGRARIA, INDUSTRIA ALIMENTARIA Y AMBIENTAL;ING. AMBIENTAL;15,00;1
382;REVISION DE PLAN Y/O BORRADOR DE TESIS;PREGRADO;INGERNIERIA AGRARIA, INDUSTRIA ALIMENTARIA Y AMBIENTAL;ING. AMBIENTAL;30,00;1
383;TESIS ASISTIDA;PREGRADO;INGERNIERIA AGRARIA, INDUSTRIA ALIMENTARIA Y AMBIENTAL;ING. AMBIENTAL;0,00;1
384;INSCRIPCION TESIS ASISTIDA;PREGRADO;INGERNIERIA AGRARIA, INDUSTRIA ALIMENTARIA Y AMBIENTAL;ING. AMBIENTAL;100,00;1
385;DERECHO DE SUSTENTACION DE TESIS;PREGRADO;INGERNIERIA AGRARIA, INDUSTRIA ALIMENTARIA Y AMBIENTAL;ING. AMBIENTAL;50,00;1
386;CURSO A CARGO;PREGRADO;INGERNIERIA AGRARIA, INDUSTRIA ALIMENTARIA Y AMBIENTAL;ING. AMBIENTAL;20,00;1
387;ESTUDIOS DIRIGIDOS;PREGRADO;INGERNIERIA AGRARIA, INDUSTRIA ALIMENTARIA Y AMBIENTAL;ING. AMBIENTAL;30,00;1
388;XXX;PREGRADO;INGERNIERIA AGRARIA, INDUSTRIA ALIMENTARIA Y AMBIENTAL;ING. AMBIENTAL;0,00;1
389;CICLO DE NIVELACION;PREGRADO;INGERNIERIA AGRARIA, INDUSTRIA ALIMENTARIA Y AMBIENTAL;ING. AMBIENTAL;90,00;1
390;OTROS;PREGRADO;INGERNIERIA AGRARIA, INDUSTRIA ALIMENTARIA Y AMBIENTAL;ING. AMBIENTAL;0,00;1
391;DERECHO DE MATRICULA ;PREGRADO;INGERNIERIA AGRARIA, INDUSTRIA ALIMENTARIA Y AMBIENTAL;ZOOTECNICA;60,00;1
392;RESERVA DE MATRICULA;PREGRADO;INGERNIERIA AGRARIA, INDUSTRIA ALIMENTARIA Y AMBIENTAL;ZOOTECNICA;50,00;1
393;REACTUALIZACION DE MATRICULA;PREGRADO;INGERNIERIA AGRARIA, INDUSTRIA ALIMENTARIA Y AMBIENTAL;ZOOTECNICA;80,00;1
394;CONSTANCIAS;PREGRADO;INGERNIERIA AGRARIA, INDUSTRIA ALIMENTARIA Y AMBIENTAL;ZOOTECNICA;30,00;1
395;CERTIFICADO DE ESTUDIOS;PREGRADO;INGERNIERIA AGRARIA, INDUSTRIA ALIMENTARIA Y AMBIENTAL;ZOOTECNICA;0,00;1
396;RECORD ACADEMICO;PREGRADO;INGERNIERIA AGRARIA, INDUSTRIA ALIMENTARIA Y AMBIENTAL;ZOOTECNICA;15,00;1
397;REVISION DE PLAN Y/O BORRADOR DE TESIS;PREGRADO;INGERNIERIA AGRARIA, INDUSTRIA ALIMENTARIA Y AMBIENTAL;ZOOTECNICA;30,00;1
398;TESIS ASISTIDA;PREGRADO;INGERNIERIA AGRARIA, INDUSTRIA ALIMENTARIA Y AMBIENTAL;ZOOTECNICA;0,00;1
399;INSCRIPCION TESIS ASISTIDA;PREGRADO;INGERNIERIA AGRARIA, INDUSTRIA ALIMENTARIA Y AMBIENTAL;ZOOTECNICA;100,00;1
400;DERECHO DE SUSTENTACION DE TESIS;PREGRADO;INGERNIERIA AGRARIA, INDUSTRIA ALIMENTARIA Y AMBIENTAL;ZOOTECNICA;50,00;1
401;CURSO A CARGO;PREGRADO;INGERNIERIA AGRARIA, INDUSTRIA ALIMENTARIA Y AMBIENTAL;ZOOTECNICA;20,00;1
402;ESTUDIOS DIRIGIDOS;PREGRADO;INGERNIERIA AGRARIA, INDUSTRIA ALIMENTARIA Y AMBIENTAL;ZOOTECNICA;30,00;1
403;XXX;PREGRADO;INGERNIERIA AGRARIA, INDUSTRIA ALIMENTARIA Y AMBIENTAL;ZOOTECNICA;0,00;1
404;CICLO DE NIVELACION;PREGRADO;INGERNIERIA AGRARIA, INDUSTRIA ALIMENTARIA Y AMBIENTAL;ZOOTECNICA;90,00;1
405;OTROS;PREGRADO;INGERNIERIA AGRARIA, INDUSTRIA ALIMENTARIA Y AMBIENTAL;ZOOTECNICA;0,00;1
406;DERECHO DE MATRICULA ;PREGRADO;INGENIERIA CIVIL;ING. CIVIL;60,00;1
407;RESERVA DE MATRICULA;PREGRADO;INGENIERIA CIVIL;ING. CIVIL;50,00;1
408;REACTUALIZACION DE MATRICULA;PREGRADO;INGENIERIA CIVIL;ING. CIVIL;80,00;1
409;CONSTANCIAS;PREGRADO;INGENIERIA CIVIL;ING. CIVIL;30,00;1
410;CERTIFICADO DE ESTUDIOS;PREGRADO;INGENIERIA CIVIL;ING. CIVIL;0,00;1
411;RECORD ACADEMICO;PREGRADO;INGENIERIA CIVIL;ING. CIVIL;15,00;1
412;REVISION DE PLAN Y/O BORRADOR DE TESIS;PREGRADO;INGENIERIA CIVIL;ING. CIVIL;30,00;1
413;TESIS ASISTIDA;PREGRADO;INGENIERIA CIVIL;ING. CIVIL;0,00;1
414;INSCRIPCION TESIS ASISTIDA;PREGRADO;INGENIERIA CIVIL;ING. CIVIL;100,00;1
415;DERECHO DE SUSTENTACION DE TESIS;PREGRADO;INGENIERIA CIVIL;ING. CIVIL;50,00;1
416;CURSO A CARGO;PREGRADO;INGENIERIA CIVIL;ING. CIVIL;20,00;1
417;ESTUDIOS DIRIGIDOS;PREGRADO;INGENIERIA CIVIL;ING. CIVIL;30,00;1
418;XXX;PREGRADO;INGENIERIA CIVIL;ING. CIVIL;0,00;1
419;CICLO DE NIVELACION;PREGRADO;INGENIERIA CIVIL;ING. CIVIL;90,00;1
420;OTROS;PREGRADO;INGENIERIA CIVIL;ING. CIVIL;0,00;1
421;DERECHO DE MATRICULA ;PREGRADO;ING. INDUSTRIAL, SISTEMAS E INFORMATICA;ING. DE SISTEMAS;60,00;1
422;RESERVA DE MATRICULA;PREGRADO;ING. INDUSTRIAL, SISTEMAS E INFORMATICA;ING. DE SISTEMAS;50,00;1
423;REACTUALIZACION DE MATRICULA;PREGRADO;ING. INDUSTRIAL, SISTEMAS E INFORMATICA;ING. DE SISTEMAS;80,00;1
424;CONSTANCIAS;PREGRADO;ING. INDUSTRIAL, SISTEMAS E INFORMATICA;ING. DE SISTEMAS;30,00;1
425;CERTIFICADO DE ESTUDIOS;PREGRADO;ING. INDUSTRIAL, SISTEMAS E INFORMATICA;ING. DE SISTEMAS;0,00;1
426;RECORD ACADEMICO;PREGRADO;ING. INDUSTRIAL, SISTEMAS E INFORMATICA;ING. DE SISTEMAS;15,00;1
427;REVISION DE PLAN Y/O BORRADOR DE TESIS;PREGRADO;ING. INDUSTRIAL, SISTEMAS E INFORMATICA;ING. DE SISTEMAS;30,00;1
428;TESIS ASISTIDA;PREGRADO;ING. INDUSTRIAL, SISTEMAS E INFORMATICA;ING. DE SISTEMAS;0,00;1
429;INSCRIPCION TESIS ASISTIDA;PREGRADO;ING. INDUSTRIAL, SISTEMAS E INFORMATICA;ING. DE SISTEMAS;100,00;1
430;DERECHO DE SUSTENTACION DE TESIS;PREGRADO;ING. INDUSTRIAL, SISTEMAS E INFORMATICA;ING. DE SISTEMAS;50,00;1
431;CURSO A CARGO;PREGRADO;ING. INDUSTRIAL, SISTEMAS E INFORMATICA;ING. DE SISTEMAS;20,00;1
432;ESTUDIOS DIRIGIDOS;PREGRADO;ING. INDUSTRIAL, SISTEMAS E INFORMATICA;ING. DE SISTEMAS;30,00;1
433;XXX;PREGRADO;ING. INDUSTRIAL, SISTEMAS E INFORMATICA;ING. DE SISTEMAS;0,00;1
434;CICLO DE NIVELACION;PREGRADO;ING. INDUSTRIAL, SISTEMAS E INFORMATICA;ING. DE SISTEMAS;90,00;1
435;OTROS;PREGRADO;ING. INDUSTRIAL, SISTEMAS E INFORMATICA;ING. DE SISTEMAS;0,00;1
436;DERECHO DE MATRICULA ;PREGRADO;ING. INDUSTRIAL, SISTEMAS E INFORMATICA;ING. ELECTRONICA;60,00;1
437;RESERVA DE MATRICULA;PREGRADO;ING. INDUSTRIAL, SISTEMAS E INFORMATICA;ING. ELECTRONICA;50,00;1
438;REACTUALIZACION DE MATRICULA;PREGRADO;ING. INDUSTRIAL, SISTEMAS E INFORMATICA;ING. ELECTRONICA;80,00;1
439;CONSTANCIAS;PREGRADO;ING. INDUSTRIAL, SISTEMAS E INFORMATICA;ING. ELECTRONICA;30,00;1
440;CERTIFICADO DE ESTUDIOS;PREGRADO;ING. INDUSTRIAL, SISTEMAS E INFORMATICA;ING. ELECTRONICA;0,00;1
441;RECORD ACADEMICO;PREGRADO;ING. INDUSTRIAL, SISTEMAS E INFORMATICA;ING. ELECTRONICA;15,00;1
442;REVISION DE PLAN Y/O BORRADOR DE TESIS;PREGRADO;ING. INDUSTRIAL, SISTEMAS E INFORMATICA;ING. ELECTRONICA;30,00;1
443;TESIS ASISTIDA;PREGRADO;ING. INDUSTRIAL, SISTEMAS E INFORMATICA;ING. ELECTRONICA;0,00;1
444;INSCRIPCION TESIS ASISTIDA;PREGRADO;ING. INDUSTRIAL, SISTEMAS E INFORMATICA;ING. ELECTRONICA;100,00;1
445;DERECHO DE SUSTENTACION DE TESIS;PREGRADO;ING. INDUSTRIAL, SISTEMAS E INFORMATICA;ING. ELECTRONICA;50,00;1
446;CURSO A CARGO;PREGRADO;ING. INDUSTRIAL, SISTEMAS E INFORMATICA;ING. ELECTRONICA;20,00;1
447;ESTUDIOS DIRIGIDOS;PREGRADO;ING. INDUSTRIAL, SISTEMAS E INFORMATICA;ING. ELECTRONICA;30,00;1
448;XXX;PREGRADO;ING. INDUSTRIAL, SISTEMAS E INFORMATICA;ING. ELECTRONICA;0,00;1
449;CICLO DE NIVELACION;PREGRADO;ING. INDUSTRIAL, SISTEMAS E INFORMATICA;ING. ELECTRONICA;90,00;1
450;OTROS;PREGRADO;ING. INDUSTRIAL, SISTEMAS E INFORMATICA;ING. ELECTRONICA;0,00;1
451;DERECHO DE MATRICULA ;PREGRADO;ING. INDUSTRIAL, SISTEMAS E INFORMATICA;ING. INDUSTRIAL;60,00;1
452;RESERVA DE MATRICULA;PREGRADO;ING. INDUSTRIAL, SISTEMAS E INFORMATICA;ING. INDUSTRIAL;50,00;1
453;REACTUALIZACION DE MATRICULA;PREGRADO;ING. INDUSTRIAL, SISTEMAS E INFORMATICA;ING. INDUSTRIAL;80,00;1
454;CONSTANCIAS;PREGRADO;ING. INDUSTRIAL, SISTEMAS E INFORMATICA;ING. INDUSTRIAL;30,00;1
455;CERTIFICADO DE ESTUDIOS;PREGRADO;ING. INDUSTRIAL, SISTEMAS E INFORMATICA;ING. INDUSTRIAL;0,00;1
456;RECORD ACADEMICO;PREGRADO;ING. INDUSTRIAL, SISTEMAS E INFORMATICA;ING. INDUSTRIAL;15,00;1
457;REVISION DE PLAN Y/O BORRADOR DE TESIS;PREGRADO;ING. INDUSTRIAL, SISTEMAS E INFORMATICA;ING. INDUSTRIAL;30,00;1
458;TESIS ASISTIDA;PREGRADO;ING. INDUSTRIAL, SISTEMAS E INFORMATICA;ING. INDUSTRIAL;0,00;1
459;INSCRIPCION TESIS ASISTIDA;PREGRADO;ING. INDUSTRIAL, SISTEMAS E INFORMATICA;ING. INDUSTRIAL;100,00;1
460;DERECHO DE SUSTENTACION DE TESIS;PREGRADO;ING. INDUSTRIAL, SISTEMAS E INFORMATICA;ING. INDUSTRIAL;50,00;1
461;CURSO A CARGO;PREGRADO;ING. INDUSTRIAL, SISTEMAS E INFORMATICA;ING. INDUSTRIAL;20,00;1
462;ESTUDIOS DIRIGIDOS;PREGRADO;ING. INDUSTRIAL, SISTEMAS E INFORMATICA;ING. INDUSTRIAL;30,00;1
463;XXX;PREGRADO;ING. INDUSTRIAL, SISTEMAS E INFORMATICA;ING. INDUSTRIAL;0,00;1
464;CICLO DE NIVELACION;PREGRADO;ING. INDUSTRIAL, SISTEMAS E INFORMATICA;ING. INDUSTRIAL;90,00;1
465;OTROS;PREGRADO;ING. INDUSTRIAL, SISTEMAS E INFORMATICA;ING. INDUSTRIAL;0,00;1
466;DERECHO DE MATRICULA ;PREGRADO;ING. INDUSTRIAL, SISTEMAS E INFORMATICA;ING. INFORMATICA;60,00;1
467;RESERVA DE MATRICULA;PREGRADO;ING. INDUSTRIAL, SISTEMAS E INFORMATICA;ING. INFORMATICA;50,00;1
468;REACTUALIZACION DE MATRICULA;PREGRADO;ING. INDUSTRIAL, SISTEMAS E INFORMATICA;ING. INFORMATICA;80,00;1
469;CONSTANCIAS;PREGRADO;ING. INDUSTRIAL, SISTEMAS E INFORMATICA;ING. INFORMATICA;30,00;1
470;CERTIFICADO DE ESTUDIOS;PREGRADO;ING. INDUSTRIAL, SISTEMAS E INFORMATICA;ING. INFORMATICA;0,00;1
471;RECORD ACADEMICO;PREGRADO;ING. INDUSTRIAL, SISTEMAS E INFORMATICA;ING. INFORMATICA;15,00;1
472;REVISION DE PLAN Y/O BORRADOR DE TESIS;PREGRADO;ING. INDUSTRIAL, SISTEMAS E INFORMATICA;ING. INFORMATICA;30,00;1
473;TESIS ASISTIDA;PREGRADO;ING. INDUSTRIAL, SISTEMAS E INFORMATICA;ING. INFORMATICA;0,00;1
474;INSCRIPCION TESIS ASISTIDA;PREGRADO;ING. INDUSTRIAL, SISTEMAS E INFORMATICA;ING. INFORMATICA;100,00;1
475;DERECHO DE SUSTENTACION DE TESIS;PREGRADO;ING. INDUSTRIAL, SISTEMAS E INFORMATICA;ING. INFORMATICA;50,00;1
476;CURSO A CARGO;PREGRADO;ING. INDUSTRIAL, SISTEMAS E INFORMATICA;ING. INFORMATICA;20,00;1
477;ESTUDIOS DIRIGIDOS;PREGRADO;ING. INDUSTRIAL, SISTEMAS E INFORMATICA;ING. INFORMATICA;30,00;1
478;XXX;PREGRADO;ING. INDUSTRIAL, SISTEMAS E INFORMATICA;ING. INFORMATICA;0,00;1
479;CICLO DE NIVELACION;PREGRADO;ING. INDUSTRIAL, SISTEMAS E INFORMATICA;ING. INFORMATICA;90,00;1
480;OTROS;PREGRADO;ING. INDUSTRIAL, SISTEMAS E INFORMATICA;ING. INFORMATICA;0,00;1
481;DERECHO DE MATRICULA ;PREGRADO;INGERNIERIA PESQUERA;ING. PESQUERA;60,00;1
482;RESERVA DE MATRICULA;PREGRADO;INGERNIERIA PESQUERA;ING. PESQUERA;50,00;1
483;REACTUALIZACION DE MATRICULA;PREGRADO;INGERNIERIA PESQUERA;ING. PESQUERA;80,00;1
484;CONSTANCIAS;PREGRADO;INGERNIERIA PESQUERA;ING. PESQUERA;30,00;1
485;CERTIFICADO DE ESTUDIOS;PREGRADO;INGERNIERIA PESQUERA;ING. PESQUERA;0,00;1
486;RECORD ACADEMICO;PREGRADO;INGERNIERIA PESQUERA;ING. PESQUERA;15,00;1
487;REVISION DE PLAN Y/O BORRADOR DE TESIS;PREGRADO;INGERNIERIA PESQUERA;ING. PESQUERA;30,00;1
488;TESIS ASISTIDA;PREGRADO;INGERNIERIA PESQUERA;ING. PESQUERA;0,00;1
489;INSCRIPCION TESIS ASISTIDA;PREGRADO;INGERNIERIA PESQUERA;ING. PESQUERA;100,00;1
490;DERECHO DE SUSTENTACION DE TESIS;PREGRADO;INGERNIERIA PESQUERA;ING. PESQUERA;50,00;1
491;CURSO A CARGO;PREGRADO;INGERNIERIA PESQUERA;ING. PESQUERA;20,00;1
492;ESTUDIOS DIRIGIDOS;PREGRADO;INGERNIERIA PESQUERA;ING. PESQUERA;30,00;1
493;XXX;PREGRADO;INGERNIERIA PESQUERA;ING. PESQUERA;0,00;1
494;CICLO DE NIVELACION;PREGRADO;INGERNIERIA PESQUERA;ING. PESQUERA;90,00;1
495;OTROS;PREGRADO;INGERNIERIA PESQUERA;ING. PESQUERA;0,00;1
496;DERECHO DE MATRICULA ;PREGRADO;INGENIERIA QUIMICA Y METALURGICA;ING. METALURGICA;60,00;1
497;RESERVA DE MATRICULA;PREGRADO;INGENIERIA QUIMICA Y METALURGICA;ING. METALURGICA;50,00;1
498;REACTUALIZACION DE MATRICULA;PREGRADO;INGENIERIA QUIMICA Y METALURGICA;ING. METALURGICA;80,00;1
499;CONSTANCIAS;PREGRADO;INGENIERIA QUIMICA Y METALURGICA;ING. METALURGICA;30,00;1
500;CERTIFICADO DE ESTUDIOS;PREGRADO;INGENIERIA QUIMICA Y METALURGICA;ING. METALURGICA;0,00;1
501;RECORD ACADEMICO;PREGRADO;INGENIERIA QUIMICA Y METALURGICA;ING. METALURGICA;15,00;1
502;REVISION DE PLAN Y/O BORRADOR DE TESIS;PREGRADO;INGENIERIA QUIMICA Y METALURGICA;ING. METALURGICA;30,00;1
503;TESIS ASISTIDA;PREGRADO;INGENIERIA QUIMICA Y METALURGICA;ING. METALURGICA;0,00;1
504;INSCRIPCION TESIS ASISTIDA;PREGRADO;INGENIERIA QUIMICA Y METALURGICA;ING. METALURGICA;100,00;1
505;DERECHO DE SUSTENTACION DE TESIS;PREGRADO;INGENIERIA QUIMICA Y METALURGICA;ING. METALURGICA;50,00;1
506;CURSO A CARGO;PREGRADO;INGENIERIA QUIMICA Y METALURGICA;ING. METALURGICA;20,00;1
507;ESTUDIOS DIRIGIDOS;PREGRADO;INGENIERIA QUIMICA Y METALURGICA;ING. METALURGICA;30,00;1
508;XXX;PREGRADO;INGENIERIA QUIMICA Y METALURGICA;ING. METALURGICA;0,00;1
509;CICLO DE NIVELACION;PREGRADO;INGENIERIA QUIMICA Y METALURGICA;ING. METALURGICA;90,00;1
510;OTROS;PREGRADO;INGENIERIA QUIMICA Y METALURGICA;ING. METALURGICA;0,00;1
511;DERECHO DE MATRICULA ;PREGRADO;INGENIERIA QUIMICA Y METALURGICA;ING. QUIMICA;60,00;1
512;RESERVA DE MATRICULA;PREGRADO;INGENIERIA QUIMICA Y METALURGICA;ING. QUIMICA;50,00;1
513;REACTUALIZACION DE MATRICULA;PREGRADO;INGENIERIA QUIMICA Y METALURGICA;ING. QUIMICA;80,00;1
514;CONSTANCIAS;PREGRADO;INGENIERIA QUIMICA Y METALURGICA;ING. QUIMICA;30,00;1
515;CERTIFICADO DE ESTUDIOS;PREGRADO;INGENIERIA QUIMICA Y METALURGICA;ING. QUIMICA;0,00;1
516;RECORD ACADEMICO;PREGRADO;INGENIERIA QUIMICA Y METALURGICA;ING. QUIMICA;15,00;1
517;REVISION DE PLAN Y/O BORRADOR DE TESIS;PREGRADO;INGENIERIA QUIMICA Y METALURGICA;ING. QUIMICA;30,00;1
518;TESIS ASISTIDA;PREGRADO;INGENIERIA QUIMICA Y METALURGICA;ING. QUIMICA;0,00;1
519;INSCRIPCION TESIS ASISTIDA;PREGRADO;INGENIERIA QUIMICA Y METALURGICA;ING. QUIMICA;100,00;1
520;DERECHO DE SUSTENTACION DE TESIS;PREGRADO;INGENIERIA QUIMICA Y METALURGICA;ING. QUIMICA;50,00;1
521;CURSO A CARGO;PREGRADO;INGENIERIA QUIMICA Y METALURGICA;ING. QUIMICA;20,00;1
522;ESTUDIOS DIRIGIDOS;PREGRADO;INGENIERIA QUIMICA Y METALURGICA;ING. QUIMICA;30,00;1
523;XXX;PREGRADO;INGENIERIA QUIMICA Y METALURGICA;ING. QUIMICA;0,00;1
524;CICLO DE NIVELACION;PREGRADO;INGENIERIA QUIMICA Y METALURGICA;ING. QUIMICA;90,00;1
525;OTROS;PREGRADO;INGENIERIA QUIMICA Y METALURGICA;ING. QUIMICA;0,00;1
526;DERECHO DE MATRICULA ;PREGRADO;MEDICINA HUMANA;ENFERMERIA;60,00;1
527;RESERVA DE MATRICULA;PREGRADO;MEDICINA HUMANA;ENFERMERIA;50,00;1
528;REACTUALIZACION DE MATRICULA;PREGRADO;MEDICINA HUMANA;ENFERMERIA;80,00;1
529;CONSTANCIAS;PREGRADO;MEDICINA HUMANA;ENFERMERIA;30,00;1
530;CERTIFICADO DE ESTUDIOS;PREGRADO;MEDICINA HUMANA;ENFERMERIA;0,00;1
531;RECORD ACADEMICO;PREGRADO;MEDICINA HUMANA;ENFERMERIA;15,00;1
532;REVISION DE PLAN Y/O BORRADOR DE TESIS;PREGRADO;MEDICINA HUMANA;ENFERMERIA;30,00;1
533;TESIS ASISTIDA;PREGRADO;MEDICINA HUMANA;ENFERMERIA;0,00;1
534;INSCRIPCION TESIS ASISTIDA;PREGRADO;MEDICINA HUMANA;ENFERMERIA;100,00;1
535;DERECHO DE SUSTENTACION DE TESIS;PREGRADO;MEDICINA HUMANA;ENFERMERIA;50,00;1
536;CURSO A CARGO;PREGRADO;MEDICINA HUMANA;ENFERMERIA;20,00;1
537;ESTUDIOS DIRIGIDOS;PREGRADO;MEDICINA HUMANA;ENFERMERIA;30,00;1
538;XXX;PREGRADO;MEDICINA HUMANA;ENFERMERIA;0,00;1
539;CICLO DE NIVELACION;PREGRADO;MEDICINA HUMANA;ENFERMERIA;90,00;1
540;OTROS;PREGRADO;MEDICINA HUMANA;ENFERMERIA;0,00;1
541;DERECHO DE MATRICULA ;PREGRADO;MEDICINA HUMANA;MEDICINA HUMANA;60,00;1
542;RESERVA DE MATRICULA;PREGRADO;MEDICINA HUMANA;MEDICINA HUMANA;50,00;1
543;REACTUALIZACION DE MATRICULA;PREGRADO;MEDICINA HUMANA;MEDICINA HUMANA;80,00;1
544;CONSTANCIAS;PREGRADO;MEDICINA HUMANA;MEDICINA HUMANA;30,00;1
545;CERTIFICADO DE ESTUDIOS;PREGRADO;MEDICINA HUMANA;MEDICINA HUMANA;0,00;1
546;RECORD ACADEMICO;PREGRADO;MEDICINA HUMANA;MEDICINA HUMANA;15,00;1
547;REVISION DE PLAN Y/O BORRADOR DE TESIS;PREGRADO;MEDICINA HUMANA;MEDICINA HUMANA;30,00;1
548;TESIS ASISTIDA;PREGRADO;MEDICINA HUMANA;MEDICINA HUMANA;0,00;1
549;INSCRIPCION TESIS ASISTIDA;PREGRADO;MEDICINA HUMANA;MEDICINA HUMANA;100,00;1
550;DERECHO DE SUSTENTACION DE TESIS;PREGRADO;MEDICINA HUMANA;MEDICINA HUMANA;50,00;1
551;CURSO A CARGO;PREGRADO;MEDICINA HUMANA;MEDICINA HUMANA;20,00;1
552;ESTUDIOS DIRIGIDOS;PREGRADO;MEDICINA HUMANA;MEDICINA HUMANA;30,00;1
553;XXX;PREGRADO;MEDICINA HUMANA;MEDICINA HUMANA;0,00;1
554;CICLO DE NIVELACION;PREGRADO;MEDICINA HUMANA;MEDICINA HUMANA;90,00;1
555;OTROS;PREGRADO;MEDICINA HUMANA;MEDICINA HUMANA;0,00;1
556;GRAOD ACADEMICO DE BACHILLER;OTROS;;ADMINISTRACION CENTRAL;0,00;1
557;TITULO PROFESIONAL;OTROS;;ADMINISTRACION CENTRAL;0,00;1
558;CARNET UNIVERSITARIO;OTROS;;ADMINISTRACION CENTRAL;0,00;1
559;CONSTANCIA DE NO ADEUDO;OTROS;;ADMINISTRACION CENTRAL;0,00;1
584;AUTENTICADO;OTROS;;ADMINISTRACION CENTRAL;0,00;1
585;REFRENDADO;OTROS;;ADMINISTRACION CENTRAL;0,00;1
586;OTROS - ADMINISTRACION CENTRAL - TRAMITE DOCUMENTARIO;OTROS;;ADMINISTRACION CENTRAL;0,00;1
587;INSCRIPCION CENTRO PREUNIVERSITARIO;OTROS;;CENTRO PREUNIVERSITARIO;0,00;1
588;MENSUALIDAD CENTRO PREUNIVERSITARIO;OTROS;;CENTRO PREUNIVERSITARIO;0,00;1
589;LIBRO CENTRO PREUNIVERSITARIO;OTROS;;CENTRO PREUNIVERSITARIO;0,00;1
590;CARNET CENTRO PREUNIVERSITARIO;OTROS;;CENTRO PREUNIVERSITARIO;0,00;1
591;CONSTANCIA CENTRO PREUNIVERSITARIO;OTROS;;CENTRO PREUNIVERSITARIO;0,00;1
592;OTROS CENTRO PREUNIVERSITARIO;OTROS;;CENTRO PREUNIVERSITARIO;0,00;1
593;CONSTANCIA EAPESE;OTROS;;EAPESE - PROFDOSA;0,00;1
594;CERTIFICADO EAPESE;OTROS;;EAPESE - PROFDOSA;0,00;1
595;RECORD ACADEMICO EAPESE;OTROS;;EAPESE - PROFDOSA;0,00;1
596;REVISION DE PLAN Y/O BORRADOR DE TESIS;OTROS;;EAPESE - PROFDOSA;0,00;1
597;TESIS ASISTIDA;OTROS;;EAPESE - PROFDOSA;0,00;1
598;INSCRIPCION TESIS ASISTIDA;OTROS;;EAPESE - PROFDOSA;0,00;1
599;SUS.O.E.-EAPESE;OTROS;;EAPESE - PROFDOSA;0,00;1
600;EX.SU.PE-EAPESE;OTROS;;EAPESE - PROFDOSA;0,00;1
601;PROG.TIT-EAPESE;OTROS;;EAPESE - PROFDOSA;0,00;1
602;NIVELACION-EAPESE;OTROS;;EAPESE - PROFDOSA;0,00;1
603;EAPESE;OTROS;;EAPESE - PROFDOSA;0,00;1
604;CONSTANCIA DE INGRESO ADMISION;OTROS;;ADMISION;0,00;1
605;INSCRIPCION ADMISION;OTROS;;ADMISION;0,00;1
606;PROSPECTO ADMISION;OTROS;;ADMISION;0,00;1
607;OTROS ADMISION;OTROS;;ADMISION;0,00;1
